,DAILY  ITINERARY,,,,,,,,,
,Day,Date,Location,Time Slot,Activity / Place Name,Category,Link,Notes ,Logistics,Address
1,Day 1,Wed 30 Jun 27,Rome,Evening,Arrive at Rome Fiumicino Airport @ 8PM,Transit,,,,
1,,Travel Day,Rome,Evening,Train from Airport to Rome Termini (via Leonardo Express),Transit,,Recommend to take private transfer/taxi to hotel,,
1,,,Rome,Evening,Check into hotel - Best Western Premier Hotel Royal Santina,Accomodation,Best Western Premier Royal,"Check in 2pm, Check out 11am ",,"Via Marsala 22, 00185 Roma, Italy"
1,,,Rome,Evening,Dinner in Rome,Dining,,,,
2,Day 2,Thu 1 Jul 27,Rome,Morning,Colosseum?,,,,,
2,,Full Day,Rome,Afternoon,Trevi Fountain?,,,,,
2,,,Rome,Afternoon,,,,,,
2,,,Rome,Evening,Dinner,,,,,
2,,,Rome,Evening,,,,,,
3,Day 3,Fri 2 Jul 27,Rome,Morning,Check out of accomodation @ 11AM,Transit,,,,
3,,Travel Day,Tuscany,Afternoon,Travel to Cortona,Transit,,Book via Trenitalia website/app or at the station (check in online if purchasing digital ticket),30min train ride ,
3,,Transit Time: 3.5HR,Tuscany,Afternoon,Train from Roma Termini to Camucia-Cortona,Transit,,Book via Trenitalia website/app or at the station (check in online if purchasing digital ticket),2.5hr train ride,
3,,,Tuscany,Afternoon,Take Taxi and Check in to Hotel,Accomodation,La Finestra sul Teatro,Check in 2:00PM,15 min drive,"Vicolo del Teatro 5, Cortona, Italy"
3,,,Tuscany,Evening,,Dining,,,,
4,Day 4,Sat 3 Jul 27,Tuscany,Morning,Explore Piazza Signorelli ,Sightseeing,Piazza Signorelli,,,
4,,Full Day,Tuscany,Afternoon,Lunch in Piazza Signorelli ,Dining,,,,
4,,,Tuscany,Evening,Osteria del Teatro (Michelin Guide),Dining,Osteria del Teatro,Michelin Guide - Need to book ,2 min walk ,
4,,,Tuscany,Evening,Explore Piazza Garibaldi,Sightseeing,Piazza Garibaldi,Sunset at scenic overlook around 9pm. ,,
5,Day 5,Sun 4 Jul 27,Tuscany,Morning,Check out and head to Villa Di Piazzano,Transit,Villa Di Piazzano,"Drop bags off at hotel, head to wine tasting",15 mins to hotel,
5,,Switch Accom,Tuscany,Morning,Wine Tasting,Activity,Baldetti Wine,"Different options, starting at 20euro - 190euro per person",18 mins from hotel to wine tasting,
5,,Full Day,Tuscany,Afternoon,Lunch in Cortona ,Dining,,,,
5,,,Tuscany,Afternoon,Check into Villa @3pm - Relax/Swim,Activity,Villa Di Piazzano,Check in at 3pm?,,"Località Piazzano 7, Cortona, Italy"
5,,,Tuscany,Evening,Explore Piazza della Republica ,Sightseeing,Piazza della Republica,Piazza della Repubblica,,
5,,,Tuscany,Evening,La Bucaccia (Michelin Guide),Dining,La Bucaccia,Michelin Guide - Need to book ,2 min walk from Piazza Della Repubblica,
6,Day 6,Mon 5 Jul 27,Tuscany,Morning,Hotel Brekky,Dining,,,,
6,,Full Day,Tuscany,Afternoon,Get ready/make up/hair ,Activity,,,,
6,,,Tuscany,Afternoon,Elopeeeee <3333333,Activity,,Ceremony 6pm,,
6,,,Tuscany,Evening,Elopement Dinner ,Dining,,"Canapes 8pm, Dinner 8:30pm",,
7,Day 7,Tue 6 Jul 27,Tuscany,Morning,Check out and head to Camucia-Cortona station (20mins),Transit,,Ask hotel to book private transfer,20 mins - taxi/private transfer,
7,,Travel to Sorrento,Tuscany,Morning,Train from C-Cortona to Firenze Santa Maria Novella (Florence),Transit,,Book via Trenitalia website/app or at the station (check in online if purchasing digital ticket),1.5hr train ride,
7,,Transit Time: 6HR,Tuscany,Morning,Train from Florence to Napoli Centrale ,Transit,,Book 1-3 months in advance via Trenitalia ,3hr train ride,
7,,Travel Day,Sorrento,Afternoon,Transfer from Naples to Sorrento (Campania Express),Transit,,Book via EAV Campania Official Site or at Napoli station.,1hr train ride,
7,,,Sorrento,Afternoon,Check into AirBnB,Accomodation,,,,
7,,Chants/Alan,Sorrento,Evening,Dinner - ,Dining,,,,
8,Day 8,Wed 7 Jul 27,Sorrento,Morning,Ferry - Day trip to Positano ,Transit,,Take the earlist ferry ,30mins,
8,,Full Day,Positano,Afternoon,Positanto Cooking Class (Drinking),Activity,La Tagliata Cooking Class,,,
8,,Day Trip,Positano,Afternoon,Ferry - Back to Sorrento ,Transit,,,,
8,,,Sorrento,Evening,Dinner - ,Dining,,,,
9,Day 9,Thu 8 Jul 27,Sorrento,Morning,Ferry - Day trip to Capri (Chill Day),Transit,,Cost tracked in Macro sheet,,
9,,Full Day,Positano,Afternoon,Monte Solaro Chairlift (idk Jason's scared),Sightseeing,,,,
9,,Day Trip,Positano,Afternoon,Marina Piccolla Beach/Beach Clubs,Sightseeing,,,,
9,,,Sorrento,Afternoon,Ferry - Back to Sorrento ,Transit,,Book return ticket same time as departure ticket.Get to ferry 1hr before return ferry home,,
9,,,Sorrento,Evening,Dinner - ,Dining,,,,
10,Day 10,Fri 9 Jul 27,Sorrento,Morning,Sorrento,Sightseeing,,,,
10,,Full Day,Sorrento,Afternoon,,Activity,,,,
10,,,Sorrento,Afternoon,Boat Day,Activity,Boat Hire - Tripadvisor,,,
10,,,Sorrento,Evening,Dinner in Sorrento,Dining,,,,
11,Day 11,Sat 10 Jul 27,Sorrento,Afternoon,Explore Sorrento,Sightseeing,,,,
11,,Full Day,Sorrento,Afternoon,Beach Club,Activity,,,,
11,,,Sorrento,Evening,Dinner in Sorrento,Dining,,,,
12,Day 12,Sun 11 Jul 27,Sorrento,Morning,Check out of Sorrento Hotel (11am),Transit,,,,
12,Travel to Mykonos,Travel Day,Mykonos,Afternoon,Train from Sorrento Station to Napoli Piazza Garibaldi,Transit,,,1.5hrs train ride,
12,,Transit Time: 4HR,Mykonos,Afternoon,Airport shuttle from Naples Central Station to Naples Airport,Transit,,,15-20mins ,
12,,,Mykonos,Afternoon,Fly from Napes to Mykonos ,Transit,,,2hr flight,
12,,Chants/Alan,Mykonos,Afternoon,Check into Mykonos Hotel,Accomodation,,,,
12,,Tiff/Petez,Mykonos,Evening,Dinner in Mykonos,Dining,,,,
13,Day 13,Mon 12 Jul 27,Mykonos,Morning,,Dining,,,,
13,,Full Day,Mykonos,Afternoon,,Sightseeing,,,,
13,,,Mykonos,Afternoon,Little Venice - Alefkandra? ,Activity,,,,
13,,,Mykonos,Evening,,Dining,,,,
14,Day 14,Tue 13 Jul 27,Mykonos,Morning,,Dining,,,,
14,,Full Day,Mykonos,Afternoon,,Sightseeing,,,,
14,,,Mykonos,Afternoon,Beach club,Activity,,,,
14,,,Mykonos,Evening,,Dining,,,,
15,Day 15,Wed 14 Jul 27,Mykonos,Morning,,Activity,,,,
15,,Full Day,Mykonos,Afternoon,,Sightseeing,,,,
15,,,Mykonos,Evening,Beach Club - Scorpios?,Dining,,,,
16,Day 16,Thu 15 Jul 27,Mykonos,Morning,"Check out of Mykonos Hotel, ",Transit,,,,
16,Travel to Paros,Travel Day,Paros,Afternoon,Taxi to Mykonos New Port - Take Ferry to Paros ,Transit,,"Book via Ferryhopper or Seajets a few weeks early (web check in), arrive 45mins early",45min - 1hr ferry ,
16,,Transit Time: 1HR,Paros,Afternoon,Explore Naoussa (fishing village) ,Activity,,,,
16,,,Paros,Evening,Dinner -,Dining,,,,
17,Day 17,Fri 16 Jul 27,Paros,,,,,,,
17,,Full Day,Paros,,,,,,,
17,,,Paros,,Explore Parikia (Main Town),,,,,
17,,,Paros,Evening,Dinner - ,,,,,
18,Day 18,Sat 17 Jul 27,Paros,,,,,,,
18,,Full Day,Paros,,Explore Lefkes ,,,,,
18,,,Paros,,Day trip to Antiparos ,,,,,
18,,,Paros,Evening,Dinner -,,,,,
19,Day 19,Sun 18 Jul 27,Paros,Morning,Check Out of Paros Apartment,,,,,
19,Travel to Milos,Travel Day,Milos,Morning,Take Ferry from Paros to Milos,Transit,,"Book via Ferryhopper or Seajets a few weeks early (web check in), arrive 45mins early",2-3.5hr depending on which ferry,
19,,Transit Time: 3.5HR,Milos,,,,,,,
19,,,Milos,Evening,Dinner - ,Dining,,,,
20,Day 20,Mon 19 Jul 27,Milos,,,,,,,
20,,Full Day,Milos,Afternoon,Lunch - Medusa Milos ,Dining,,,,
20,,,Milos,,,,,,,
20,,,Milos,Evening,Dinner - ,Dining,,,,
21,Day 21,Tue 20 Jul 27,Milos,,,,,,,
21,,Full Day,Milos,,,,,,,
21,,,Milos,,,,,,,
21,,Tiff/Petez Leave,Milos,Evening,Dinner -,,,,,
22,Day 22,Wed 21 Jul 27,Milos,Morning,Check out of Milos AirBNB,Transit,,,,
22,Travel to Brussels,Travel Day,Milos,Morning,Fly from Milos to Athens or take a Ferry,Transit,,,"Fly 45mins, Ferry is 3.5hrs",
22,,Transit Time: 4-6HR,Brussels,Afternoon,Fly from Athens to Brussels,Transit,,,3hr 20 min flight ,
22,,,Brussels,Afternoon,Check into Hotel,Transit,,,,
23,Day 23,Thu 22 Jul 27,Brussels,,Check out and head to Tomorrowland accom ,,,,,
23,,Full Day,Brussels,,,,,,,
23,,,Brussels,,Prep for tomorrowland ,,,,,
23,,,Brussels,,,,,,,
24,Day 24,Fri 23 Jul 27,Tomorrowland,Afternoon,Tomorrowland Day 1,Entertainment,,,,
24,,Full Day,Tomorrowland,Evening,,,,,,
25,Day 25,Sat 24 Jul 27,Tomorrowland,Afternoon,Tomorrowland Day 2,Entertainment,,,,
25,,Full Day,Tomorrowland,Evening,,,,,,
26,Day 26,Sun 25 Jul 27,Tomorrowland,Afternoon,Tomorrowland Day 3,Entertainment,,,,
26,Night 5,Full Day,Tomorrowland,Evening,,,,,,
27,Day 27,Mon 26 Jul 27,Brussels,Morning,Check out and travel to Amsterdam,Transit,,,,
27,,Travel Day,Amsterdam,Morning,Train (Boom → Amsterdam),Transit,,,,
27,,,Amsterdam,Afternoon,Explore Jordaan District ,Sightseeing,,,,
27,,,Amsterdam,Evening,Dinner -,Dining,,,,
28,Day 28,Tue 27 Jul 27,Amsterdam,,,,,,,
28,,Full Day,Amsterdam,,Rijksmuseum ,,,,,
28,,,Amsterdam,,Bike Rental - Vondelpark,,,,,
29,Day 29,Wed 28 Jul 27,Amsterdam,,Dam Square,,,,,
29,,Full Day,Amsterdam,,Van Gogh Museum ,,,,,
29,,Chants/Alan Leave,Amsterdam,,Foodhallen (food market),,,,,
30,Day 30,Thu 29 Jul 27,Amsterdam,,Albert Cuyp Market ,,,,,
30,,Full Day,Amsterdam,,Canal Cruise?,,,,,
30,,,Amsterdam,,,,,,,
31,Day 31,Fri 30 Jul 27,Amsterdam,,,,,,,
31,,Last Full Day,Amsterdam,,Last Day,,,,,
31,,,Amsterdam,,,,,,,
32,Day 32,Sat 31 Jul 27,Brussels,,Check out and travel to back to Brussels ,Transit,,,,
,,Travel Day,Brussels,,Train (Amsterdam Centraal → Brussels Airport-Zaventem),Transit,NS International,"Tickets can be purchased in advance through NS International, with one-way fares starting around €25.",2 hour train direct to airport,
,,,Brussels,,Fly (Brussels → Melbourne) Departing 9:45PM,Transit,,,,
PLACES TO TRY,,,,,,,,,,
Country,City,Category (Eat/Visit/Stay/Transit),Location,Time,Name of Place,Booking Status,Address / Maps Link,Notes,Budget Estimate,Notes
Italy ,Sorrento,Eat,Sorrento,,Raki Gelato,,Google Maps,,,
Italy ,Sorrento,Eat,Sorrento,,A'Marenna - Sorrento Bakery & Bistrot,,A'Merenna,highly rated sandwhich/deli ,,
,,Eat,Rome,,Da Enzo al 29 (Trastevere),,Da Enzo al 29,"pasta, carbonara, rome",,
,,Eat,Sorrento,,La Cantinaccia del Popolo,,La Cantinaccia del Popolo,pasta & seafood,,
,,Eat,Sorrento,,Enjoy the little things ,,Enjoy the little things Restuarant,pasta,,
,,Beach,Capri,,Marina Piccolla Beach,,,"free, no entry free",,
,,Sightseeing,Capri,,Monte Solaro Chairlift (idk Jason's scared),,,,,
,,Drink,Capri,,Capri Rooftop Lounge Bar,,Capri Rooftop Lounge Bar,cocktail bar,,
,,Eat,Positano,,Caffe Positano ,,Caffe Positano,"breakfast/lunch, pretty views ",,
,,Beach,Positano,,Spiaggia Grande Main Beach ,,,,,
,,Beach,Positano,,Fornillo Beach,,,,,
,,Beach,Sorrento,,Maya Beach Club,,Maya Beach Club,can book 1 month in advanced only,$250E for up to 6ppl,
,,Beach,Sorrento,,Marameo Beach Club,,Marameo Beach Club,Also has a restuarant ,,
,,Eat,Sorrento,,La Limonaia,,La Limonaia,Restuarant with lemon trees,"Chair $30E, Towel $5E/Group booking $140E (4pp)",
,,Activity ,Positano,,La Tagliata - Cooking Class,,La Tagliata Cooking Class,Popular cooking class (rowdy). 10AM - 3:30PM ,,
,,Eat,Sorrento,,Storico8 Focacceria ,,,,,
,,Eat,Sorrento,,Porta Marina Seafood ,,,Seafood by the water ,,
,,Eat,Sorrento,,Bagni Deflino,,,Seafood by the water ,Another option if Porta Marina is booked out,
,,Eat,Sorrento,,Truffle Bar - Leno Tartufi,,,Everything truffle,,
,,Eat,Sorrento,,Antica Gelateria Sorrento,,,Gelato,,
,,Eat,Mykonos,,Grecos,,,"opens to 3am, gyros ",,
,,Eat,Milos,,Medusa,,,"seafood, octopus ",,
,,Eat,Mykonos,,Tokyo Joe ,,,sushi,,
,,Eat,Mykonos,,El Dorado,,,"mexican, opens to 5am",,
